,venue,team1,team2,toss_winner,toss_decision,first_average,second_average
0,7,7,3,7,2,0.9371899030283012,0.3488195603199506
1,5,5,1,1,1,0.757034861182063,0.6533744859994569
2,2,2,6,6,1,0.7016885755159995,0.7124837843700919
3,4,4,7,4,1,0.7028600079314319,0.7113282007980757
4,3,3,8,8,1,0.700765396045594,0.713391799577947
5,6,6,5,5,1,0.7028853604521851,0.7113031492001155
6,8,8,2,8,1,0.702179386223622,0.7120000769400363
7,1,1,4,4,2,0.7173283898242986,0.6967352303078115
8,8,8,6,6,2,0.7038255960088933,0.7103728108554875
9,5,5,4,4,2,0.842522148762896,0.538661701668081
10,7,7,6,6,2,0.7019267189718641,0.7122491707214503
11,1,1,3,3,1,0.7023452803945737,0.7118364328323381
12,4,4,8,8,2,0.7025596109834729,0.7116248962864855
13,5,5,2,2,1,0.7026736398436252,0.7115123019800229
14,7,7,1,1,1,0.7332310228976796,0.6799796078268984
15,3,3,4,3,1,0.7020015154756069,0.7121754504824996
16,2,2,7,7,2,0.725753998329551,0.6879543109165536
17,8,8,5,5,2,0.7028343490605733,0.7113535532916105
18,6,6,3,6,1,0.7917267196561038,0.6108754385163846
19,1,1,2,1,1,0.7029596338114635,0.711229747150422
20,5,5,3,5,1,0.7251005637300948,0.6886429934866822
21,7,7,8,8,2,0.7138945333414656,0.7002532365260236
22,4,4,2,2,2,0.7724771474226835,0.6350425629118993
23,6,6,1,1,1,0.700708014884254,0.7134481606094223
24,7,7,5,5,2,0.7015610998395336,0.7126093061362192
25,1,1,8,8,2,0.7022471119478896,0.7119332790092399
26,4,4,6,4,2,0.7003406701280767,0.713808759938232
27,2,2,1,1,2,0.7033556304069442,0.7108381371134009
28,3,3,7,3,1,0.720833064901856,0.6931087162517846
29,6,6,8,6,2,0.7021097462009691,0.7120687496931815
30,1,1,5,5,2,0.7428880842796881,0.6694156363838948
31,8,8,3,3,1,0.7478117042019222,0.6639108788524383
32,6,6,2,6,2,0.7026173493413279,0.7115678888233831
33,5,5,7,7,1,0.7022134834058589,0.7119664484531625
34,3,3,2,3,1,0.7701022246025616,0.6379204994842115
35,4,4,1,4,2,0.7026173493413279,0.7115678888233831
36,2,2,8,8,2,0.7291872667376421,0.6843142041691718
37,4,4,3,4,2,0.696785684263249,0.7172793808592269
38,2,2,5,2,1,0.7313284648023176,0.6820254222313749
39,6,6,7,7,2,0.8301102429709015,0.5575993046218681
40,8,8,4,8,2,0.7580595646092233,0.6521853237420133
41,3,3,1,3,1,0.7273936525094625,0.6862204268957194
42,7,7,2,2,2,0.7025596109834729,0.7116248962864855
43,3,3,6,6,2,0.7023452803945737,0.7118364328323381
44,4,4,5,4,2,0.7089700304376071,0.7052386092247775
45,1,1,7,7,1,0.7470846746574549,0.6647288837503338
46,5,5,8,5,2,0.7031006064676614,0.711090386086612
47,2,2,4,2,2,0.7031231753960862,0.7110680700333301
48,1,1,6,6,1,0.7239754862803052,0.6898256991916115
49,8,8,7,8,1,0.7028600079314319,0.7113282007980757
50,3,3,5,5,1,0.7030777803619778,0.7111129549946862
51,6,6,4,6,2,0.702280281445106,0.7119005592731212
52,8,8,1,8,1,0.7023452803945737,0.7118364328323381
53,7,7,4,4,2,0.7013814998445,0.712786077077744
54,5,5,6,6,2,0.7750449926882207,0.6319060525971529
55,4,2,6,2,2,0.9098814964398502,0.4148682470813825
56,4,1,5,5,1,0.7008771255327298,0.7132820304094154
57,4,1,6,6,2,0.7028083782532835,0.7113792121344211
58,-1,1,4,1,2,0.7486521330175572,0.6629630334553066
59,-1,7,6,7,1,0.9152142939769896,0.4029674876465849
60,-1,2,5,2,2,0.6941355705842321,0.7198442954206852
61,-1,8,3,3,1,0.7002086668924692,0.7139382485962431
62,-1,7,1,1,1,0.8983843609192008,0.4392101320049426
63,-1,5,3,3,2,0.7654862707908162,0.6434522276212657
64,-1,7,8,8,1,0.7543421120947751,0.6564815137689665
65,-1,1,2,2,1,0.7240472999248232,0.6897503225599632
66,-1,7,5,7,1,0.7029351681296114,0.7112539275157607
67,-1,8,4,8,1,0.7326390704278498,0.6806173612850439
68,-1,7,2,7,1,0.7024085519692114,0.7117739993288008
69,-1,5,6,5,1,0.7781501300443315,0.6280783192500676
70,-1,1,8,8,2,0.7028600079314319,0.7113282007980757
71,-1,3,4,4,1,0.8906052649078087,0.4547771565486683
72,-1,2,6,2,1,0.7022134834058589,0.7119664484531625
73,-1,7,3,3,1,0.7020741827848284,0.7121038139674688
74,-1,5,4,5,1,0.7160001396200408,0.6981001361295398
75,-1,8,2,2,2,0.7023771277714427,0.7118050086811265
76,-1,1,6,6,2,0.792445416107509,0.6099428354282038
77,-1,3,4,4,1,0.7287741048448708,0.6847541924716908
78,-1,7,5,7,1,0.7267370087459909,0.6869158027873065
79,-1,8,6,8,1,0.7021448105364912,0.7120341740651742
80,-1,1,2,2,2,0.7469065604915838,0.6649290111693368
81,-1,5,3,3,1,0.7025301812897969,0.7116539498779761
82,-1,7,4,4,1,0.7024085519692114,0.7117739993288008
83,-1,1,8,1,1,0.8709250755333902,0.4914158247423039
84,-1,5,6,5,2,0.845299356198634,0.5342929892953631
85,-1,2,3,3,1,0.7025596109834729,0.7116248962864855
86,-1,8,4,8,1,0.7544942568741189,0.6563066481028293
87,-1,7,6,6,2,0.7004677164823951,0.7136840884914969
88,-1,1,5,1,1,0.7301457284035279,0.683291457062125
89,-1,2,4,4,1,0.7010891757230163,0.7130736060772559
90,-1,8,5,5,2,0.7029351681296114,0.7112539275157607
91,-1,1,6,6,1,0.7021097462009691,0.7120687496931815
92,-1,7,4,4,1,0.7437620990064324,0.6684444180943886
93,-1,2,3,2,2,0.7014274816167628,0.7127408280944525
94,-1,8,6,8,1,0.8259133196314103,0.5637971163950944
95,-1,7,3,7,2,0.703054692658077,0.7111357810794342
96,-1,5,4,5,1,0.7012389761168877,0.7129262923855025
97,-1,8,2,8,2,0.7318939744313497,0.6814185279188428
98,-1,7,1,1,1,0.7016885755159995,0.7124837843700919
99,-1,4,6,6,1,0.7119664484531625,0.7022134834058589
100,-1,2,5,5,2,0.7012872659320248,0.7128787909887525
101,-1,1,4,4,1,0.7023452803945737,0.7118364328323381
102,-1,8,3,8,2,0.7027285362744408,0.7114580833089058
103,-1,8,5,8,2,0.7097305268520548,0.7044732636901877
104,-1,2,6,2,1,0.7406055035628791,0.6719400926365194
105,-1,1,3,1,1,0.7033754245742967,0.710818550760268
106,-1,7,2,2,1,0.701888492813689,0.7122868408553733
107,-1,3,6,3,2,0.7002086668924692,0.7139382485962431
108,-1,1,5,1,1,0.7828232547561078,0.6222441255753677
109,-1,2,4,2,2,0.7028600079314319,0.7113282007980757
110,-1,7,8,7,1,0.7323357260947723,0.6809437453161917
111,-1,2,8,8,2,0.7025301812897969,0.7116539498779761
112,-1,7,1,7,2,0.7023130012327302,0.7118682801610667
113,-1,7,8,7,2,0.7219882051154242,0.6919053632356148
114,4,8,3,8,2,0.731505583015936,0.6818354508358416
115,4,4,6,4,1,0.7137771511113427,0.7003728853627729
116,5,5,2,2,2,0.702179386223622,0.7120000769400363
117,3,3,7,3,2,0.7019267189718641,0.7122491707214503
118,1,1,8,8,1,0.7665738767063743,0.6421561270838738
119,-1,6,2,2,2,0.7021448105364912,0.7120341740651742
120,7,7,5,5,1,0.7036491080728211,0.7105476287402017
121,3,3,1,1,1,0.8320502943378437,0.5547001962252291
122,2,2,4,2,2,0.8752860577465694,0.4836055387549539
123,7,7,6,7,2,0.6995447848162134,0.7145887586832287
124,2,2,1,2,1,0.7033154053030363,0.7108779365428538
125,-1,8,5,5,2,0.7196189619724785,0.6943691738330934
126,-1,6,3,6,1,0.7813196491417566,0.6241310806753677
127,4,4,7,4,1,0.7024701641224861,0.711713192597782
128,-1,8,2,8,1,0.7279514442265617,0.6856286858412964
129,4,4,3,3,1,0.7025886646132301,0.7115962115954511
130,7,7,1,1,2,0.7844155915708846,0.6202355840327924
131,5,5,6,5,2,0.7689058948998473,0.6393619669547643
132,4,1,4,4,2,0.7032109643466593,0.7109812512455174
133,7,7,2,7,2,0.7404861254609447,0.67207164647814
134,-1,6,8,8,1,0.7023771277714427,0.7118050086811265
135,5,5,3,3,1,0.7854287874349637,0.618952033576466
136,-1,6,1,6,1,0.7416344783687253,0.6708042191986785
137,4,8,4,8,2,0.7950095651284351,0.6065968936240083
138,2,2,3,2,1,0.7903075524379524,0.6127103496429068
139,4,4,5,4,2,0.7028083782532835,0.7113792121344211
140,1,1,7,7,1,0.7027554777966536,0.7114314713496986
141,2,2,6,2,1,0.8401659751053542,0.5423293595918159
142,3,3,8,3,1,0.7551412180466305,0.6555621563261956
143,5,5,7,5,1,0.7032323103308193,0.7109601379168723
144,1,1,6,1,1,0.7407537403152136,0.6717766713789791
145,4,4,8,4,1,0.8391926095263736,0.5438343167880411
146,3,3,5,3,1,0.7035976309449103,0.7105986023970985
147,2,2,7,2,1,0.7808688094430304,0.6246950475544243
148,-1,8,6,6,1,0.7115399211638492,0.7026456721493012
149,1,1,4,1,1,0.7599024951790722,0.6500370741893268
150,6,6,5,5,1,0.7025301812897969,0.7116539498779761
151,3,3,2,3,1,0.7348034446274879,0.6782801027330658
152,7,7,8,8,2,0.7032949675016306,0.710898156339486
153,5,5,4,4,1,0.7025596109834729,0.7116248962864855
154,-1,8,1,1,1,0.7020381095567656,0.7121393773201723
155,7,7,3,7,2,0.7027285362744408,0.7114580833089058
156,2,2,5,2,1,0.7008217572776737,0.713336431514775
157,6,6,4,6,2,0.7852272100011431,0.6192077427437586
158,-1,8,7,7,2,0.7379597285692373,0.6748447517837104
159,4,4,2,4,1,0.7854287874349637,0.618952033576466
160,1,1,3,3,1,0.7020741827848284,0.7121038139674688
161,6,6,7,6,1,0.70172977504731,0.7124432067274217
162,1,1,2,1,1,0.7008771255327298,0.7132820304094154
163,5,5,8,8,2,0.7030777803619778,0.7111129549946862
164,7,7,4,7,2,0.8180291583861419,0.575176751990256
165,3,3,6,6,1,0.7018103226793718,0.7123638613662797
166,5,5,1,1,2,0.7034525554587449,0.7107422192458821
167,2,2,8,8,1,0.7342247693911976,0.6789064648480252
168,3,3,4,4,1,0.7018496983061259,0.7123250669375606
169,4,7,4,4,1,0.7767557487195037,0.6298019584212192
170,4,1,8,1,1,0.8060464456010972,0.5918522852315748
171,4,7,8,8,1,0.6986393383133878,0.7154740211643128
172,4,1,4,1,1,0.7545093988334702,0.6562892404054446
173,1,1,3,1,1,0.711713192597782,0.7024701641224861
174,8,8,6,6,2,0.7020015154756069,0.7121754504824996
175,2,2,4,2,1,0.6997798348164428,0.7143585813751188
176,3,3,8,3,1,0.7267673127020234,0.6868837406634978
177,6,6,2,2,1,0.7024701641224861,0.711713192597782
178,7,7,4,4,2,0.7021097462009691,0.7120687496931815
179,5,5,1,5,2,0.7033754245742967,0.710818550760268
180,8,8,7,7,2,0.7761140001162655,0.6305926250944657
181,6,6,3,3,2,0.702701259061168,0.7114850247994325
182,1,1,7,1,1,0.7485304869851424,0.6631003770574903
183,8,8,5,5,2,0.7028600079314319,0.7113282007980757
184,3,3,6,3,2,0.6985367247883851,0.7155742058807848
185,2,2,8,8,1,0.7413279017533534,0.6711430116465271
186,5,5,6,6,2,0.7980413689309589,0.6026026663356221
187,4,4,1,1,2,0.7244510986267996,0.6893261968751973
188,3,3,7,7,2,0.7030077142592762,0.7111822225646166
189,2,2,5,5,2,0.7525766947068778,0.658504607868518
190,8,8,4,8,2,0.7861606252239777,0.618022225609601
191,2,2,7,7,2,0.7027285362744408,0.7114580833089058
192,2,2,3,2,2,0.7485169353619591,0.6631156742803933
193,6,6,4,6,2,0.6997031252548288,0.7144337173654568
194,3,3,5,3,2,0.7012389761168877,0.7129262923855025
195,1,1,8,1,1,0.7486521330175572,0.6629630334553066
196,4,4,5,5,2,0.759591615652656,0.6504003209025867
197,8,8,3,8,2,0.7498378553650925,0.6616216370868463
198,1,1,6,6,1,0.7023452803945737,0.7118364328323381
199,8,8,2,2,2,0.7031006064676614,0.711090386086612
200,7,7,5,5,2,0.8622568460824651,0.5064712542523218
201,3,3,1,1,1,0.7779411802037216,0.6283371070876212
202,4,4,2,2,2,0.7728018762796586,0.634647350911228
203,6,6,1,6,2,0.8268484280146174,0.562424819055628
204,5,5,4,4,2,0.8811602680635667,0.4728177048145968
205,6,6,7,7,2,0.7023130012327302,0.7118682801610667
206,1,1,2,1,1,0.7439207780445168,0.6682678175654134
207,7,7,3,7,2,0.7002086668924692,0.7139382485962431
208,4,4,8,8,1,0.7335614610130993,0.6796231182915478
209,5,5,2,2,2,0.7693264402994028,0.6388558744006737
210,5,5,7,5,1,0.8859059436124236,0.4638649146811831
211,4,4,6,4,1,0.7018496983061259,0.7123250669375606
212,5,5,8,5,2,0.8620455539363117,0.5068308030680827
213,7,7,1,7,2,0.7016467397821332,0.7125249838097633
214,3,3,4,4,2,0.7031006064676614,0.711090386086612
215,4,7,1,1,2,0.7031006064676614,0.711090386086612
216,4,4,3,4,2,0.7023452803945737,0.7118364328323381
217,1,7,4,4,2,0.7927824110766853,0.609504756903043
218,1,1,7,1,1,0.8121321290062673,0.5834735684122697
219,1,1,4,4,2,0.7008771255327298,0.7132820304094154
220,3,3,2,2,2,0.6999285823596569,0.7142128391425071
221,6,6,5,5,2,0.7662549258907116,0.6425366826479405
222,7,7,2,2,2,0.7531669788906415,0.6578293866260034
223,8,8,1,8,2,0.8504519424509731,0.5260527479078184
224,6,6,3,3,2,0.7556890827898175,0.6549305384178419
225,8,8,4,8,1,0.7020381095567656,0.7121393773201723
226,7,7,3,7,2,0.8011568082689923,0.5984544832852713
227,2,2,1,2,2,0.700765396045594,0.713391799577947
228,4,4,6,6,2,0.7568230077691597,0.6536198703460924
229,1,1,7,7,1,0.7036825952557098,0.7105144651125613
230,3,3,6,6,1,0.7017703527782003,0.7124032369112033
231,3,3,5,3,2,0.7123638613662797,0.7018103226793718
232,7,7,6,6,1,0.8196246451198379,0.5729008999051928
233,4,4,2,2,2,0.6995447848162134,0.7145887586832287
234,6,6,8,8,1,0.7035265622366209,0.7106689638836932
235,5,5,3,5,1,0.7014727307159014,0.7126962944073558
236,2,2,8,8,1,0.7026456721493012,0.7115399211638492
237,5,5,7,7,2,0.7028083782532835,0.7113792121344211
238,1,1,6,6,1,0.7023130012327302,0.7118682801610667
239,4,4,5,4,1,0.7028083782532835,0.7113792121344211
240,-1,8,3,3,2,0.7015610998395336,0.7126093061362192
241,6,6,7,6,2,0.7969697695451596,0.604019193760542
242,5,5,4,5,1,0.7029351681296114,0.7112539275157607
243,2,2,4,4,2,0.7724659705181703,0.635056158454842
244,1,1,5,5,1,0.7230418070259955,0.6908042742286581
245,3,3,7,3,1,0.7984924712737632,0.6020047950964498
246,2,2,6,2,1,0.7094213510176645,0.7047846101613399
247,4,4,8,4,2,0.7001407149017564,0.7140048874740684
248,1,1,3,1,1,0.7020741827848284,0.7121038139674688
249,6,6,2,6,1,0.7021448105364912,0.7120341740651742
250,7,7,5,5,2,0.7026736398436252,0.7115123019800229
251,1,1,8,1,1,0.7293959076178516,0.6840918139769913
252,5,5,6,6,1,0.7967655868753245,0.6042885068998248
253,4,4,1,4,2,0.703054692658077,0.7111357810794342
254,7,7,8,7,2,0.7032323103308193,0.7109601379168723
255,2,2,3,2,1,0.7025301812897969,0.7116539498779761
256,8,8,5,8,2,0.76051093452997,0.6493251253881615
257,4,4,7,7,2,0.7021448105364912,0.7120341740651742
258,8,8,2,8,1,0.7033556304069442,0.7108381371134009
259,6,6,1,1,2,0.7015610998395336,0.7126093061362192
260,3,3,4,4,1,0.7610150910932025,0.6487341760138776
261,1,1,2,1,2,0.7009849862549792,0.7131760294941962
262,5,5,8,8,1,0.7034143927642639,0.7107799885000153
263,7,7,4,4,2,0.7030077142592762,0.7111822225646166
264,3,3,1,1,2,0.7026736398436252,0.7115123019800229
265,2,2,5,5,1,0.7019643891790419,0.7122120444955242
266,4,4,3,4,2,0.7911615851791004,0.61160718286895
267,5,5,1,5,2,0.7012872659320248,0.7128787909887525
268,2,2,7,2,2,0.7422680412371134,0.6701030927835051
269,8,8,6,6,1,0.7015610998395336,0.7126093061362192
270,5,5,2,2,2,0.7021448105364912,0.7120341740651742
271,8,8,7,7,2,0.7314209193881557,0.6819262707077541
272,6,6,4,6,1,0.7027820897865867,0.7114051829128025
273,-1,2,3,3,1,0.747156366248953,0.664648301264406
274,7,1,4,4,2,0.7816794425127899,0.6236804062602047
275,1,2,1,2,2,0.8520516414903597,0.5234577349066336
276,1,3,1,1,1,0.7034143927642639,0.7107799885000153
277,3,3,2,3,2,0.7016467397821332,0.7125249838097633
278,7,7,4,4,2,0.7116248962864855,0.7025596109834729
279,2,2,6,6,1,0.7178349014848601,0.6962133683076053
280,1,1,4,4,1,0.7287741048448708,0.6847541924716908
281,6,6,3,3,2,0.7548296211539104,0.6559209121751222
282,4,4,2,4,1,0.7845001195962519,0.620128665966561
283,7,7,8,8,1,0.7027554777966536,0.7114314713496986
284,5,5,1,1,2,0.7020381095567656,0.7121393773201723
285,7,7,3,7,2,0.7025596109834729,0.7116248962864855
286,2,2,8,2,1,0.7009849862549792,0.7131760294941962
287,1,1,7,1,2,0.7028600079314319,0.7113282007980757
288,3,3,8,3,1,0.8058384574002245,0.5921354410730931
289,6,6,5,6,2,0.7014727307159014,0.7126962944073558
290,5,5,3,3,2,0.7161134029720344,0.697983949732236
291,6,6,4,6,1,0.8884259068574284,0.459020051876338
292,2,2,1,1,1,0.8965267153275626,0.4429896711030309
293,8,8,5,5,1,0.7014274816167628,0.7127408280944525
294,3,3,1,3,1,0.7012389761168877,0.7129262923855025
295,7,7,6,7,2,0.7011399518137406,0.7130236798105836
296,2,2,4,4,1,0.7027554777966536,0.7114314713496986
297,1,1,6,6,1,0.7033154053030363,0.7108779365428538
298,2,2,5,5,2,0.7012872659320248,0.7128787909887525
299,3,3,4,3,1,0.702701259061168,0.7114850247994325
300,1,1,8,8,1,0.702701259061168,0.7114850247994325
301,3,3,5,5,1,0.7024085519692114,0.7117739993288008
302,6,6,8,8,1,0.7022471119478896,0.7119332790092399
303,4,4,7,4,1,0.818245042648376,0.5748695940657822
304,1,1,3,3,2,0.7321444925110682,0.6811493537292027
305,6,6,7,6,2,0.7030077142592762,0.7111822225646166
306,4,4,5,4,1,0.7152336322947743,0.6988854349851795
307,8,8,4,4,1,0.7016885755159995,0.7124837843700919
308,-1,2,3,3,1,0.7019643891790419,0.7122120444955242
309,1,1,5,1,1,0.7360094515594507,0.6769712602578906
310,3,3,6,6,1,0.7018103226793718,0.7123638613662797
311,8,8,2,2,1,0.6984315939659476,0.7156768185083165
312,4,4,1,4,1,0.8682431421244593,0.4961389383568338
313,5,5,7,5,2,0.7034143927642639,0.7107799885000153
314,6,6,2,2,1,0.7025596109834729,0.7116248962864855
315,4,4,3,4,1,0.8499472087589907,0.52686786040031
316,8,8,1,8,2,0.8360479108370626,0.5486564414868224
317,5,5,6,6,2,0.702280281445106,0.7119005592731212
318,2,2,7,2,2,0.7148340255851473,0.6992941554637311
319,5,5,8,5,2,0.780364362336882,0.6253250850514087
320,1,3,7,3,2,0.7010375280810152,0.7131243820134464
321,6,6,1,6,2,0.7021448105364912,0.7120341740651742
322,4,4,8,8,1,0.7031675589124661,0.7110241796824377
323,7,7,5,5,2,0.7030777803619778,0.7111129549946862
324,1,1,2,1,1,0.7790666012028773,0.6269411701987652
325,4,4,6,6,2,0.7373373852880781,0.6755246703537483
326,5,5,2,2,2,0.7216387983118182,0.6922697774502907
327,8,8,6,8,1,0.7686809838308707,0.6396323515088997
328,5,5,4,4,2,0.8083559597589158,0.588694014172254
329,7,7,1,1,2,0.7901468143460303,0.6129176223431824
330,8,8,3,3,1,0.70172977504731,0.7124432067274217
331,2,1,4,1,1,0.7995026253570245,0.600662594180148
332,2,6,8,8,1,0.7018103226793718,0.7123638613662797
333,3,4,6,6,1,0.7028600079314319,0.7113282007980757
334,3,1,4,4,1,0.7635806360607197,0.645712484185575
335,-1,4,3,3,1,0.8,0.6
336,-1,2,7,7,2,0.702280281445106,0.7119005592731212
337,-1,1,5,1,1,0.7036825952557098,0.7105144651125613
338,-1,8,6,6,2,0.7018496983061259,0.7123250669375606
339,-1,7,4,7,2,0.7010375280810152,0.7131243820134464
340,-1,3,2,3,1,0.7028853604521851,0.7113031492001155
341,-1,6,5,5,2,0.7034335732294192,0.7107610062838924
342,-1,1,2,1,1,0.9023914415646596,0.4309172614213262
343,-1,5,8,8,2,0.8465241867669326,0.5323502617812669
344,-1,6,1,6,2,0.7248710666535125,0.6888845597983736
345,-1,7,3,7,2,0.7118050086811265,0.7023771277714427
346,-1,8,2,8,1,0.7147920372564626,0.6993370742887552
347,-1,1,4,4,1,0.7021448105364912,0.7120341740651742
348,-1,6,7,6,2,0.6972186097474783,0.7168585705854353
349,-1,3,5,3,2,0.7705905498785462,0.6373305299747375
350,-1,2,4,4,1,0.7015172645143206,0.7126524591891511
351,-1,8,1,8,1,0.702280281445106,0.7119005592731212
352,-1,5,7,5,2,0.7014727307159014,0.7126962944073558
353,-1,4,8,4,2,0.7383930833539608,0.6743705616758717
354,1,1,3,1,1,0.7916354049378045,0.6109937689117283
355,4,4,5,5,1,0.7029351681296114,0.7112539275157607
356,2,2,6,6,2,0.7025003681833333,0.7116833795321351
357,7,7,8,7,2,0.7025886646132301,0.7115962115954511
358,-1,6,3,3,2,0.7280749824624807,0.6854974981079497
359,2,2,1,1,2,0.7031675589124661,0.7110241796824377
360,4,4,7,7,2,0.7436874106190358,0.6685275127373247
361,2,2,3,2,1,0.7027285362744408,0.7114580833089058
362,-1,5,1,1,2,0.7769328276609829,0.6295834982770034
363,-1,6,8,6,2,0.7950259810883763,0.6065753781637241
364,7,7,5,7,2,0.766008100567373,0.6428309185665895
365,2,2,8,8,2,0.6908577715463126,0.7229906911531179
366,4,4,1,1,2,0.7026456721493012,0.7115399211638492
367,-1,5,3,3,2,0.7024085519692114,0.7117739993288008
368,7,7,6,7,1,0.7034143927642639,0.7107799885000153
369,8,8,4,8,1,0.7026456721493012,0.7115399211638492
370,1,1,6,6,1,0.7023771277714427,0.7118050086811265
371,7,7,2,2,2,0.7379726582280446,0.6748306126042547
372,8,8,5,5,2,0.7036825952557098,0.7105144651125613
373,-1,3,4,3,2,0.7021448105364912,0.7120341740651742
374,-1,6,2,2,2,0.821899128606505,0.569633059430251
375,1,1,7,1,1,0.7020381095567656,0.7121393773201723
376,8,8,3,8,1,0.702179386223622,0.7120000769400363
377,-1,6,4,4,1,0.7580595646092233,0.6521853237420133
378,2,2,5,5,2,0.7028343490605733,0.7113535532916105
379,8,8,7,7,1,0.7027285362744408,0.7114580833089058
380,3,3,1,3,2,0.7025596109834729,0.7116248962864855
381,5,5,4,4,2,0.7026173493413279,0.7115678888233831
382,3,3,7,7,2,0.7630908502058317,0.6462912302763676
383,1,1,8,8,2,0.7033154053030363,0.7108779365428538
384,4,4,2,2,2,0.738209882892656,0.6745710998846683
385,5,5,6,6,2,0.7391963372747966,0.6734899961837036
386,7,7,1,1,2,0.7025596109834729,0.7116248962864855
387,3,3,8,3,2,0.7027285362744408,0.7114580833089058
388,5,5,2,5,2,0.7010375280810152,0.7131243820134464
389,4,4,6,4,2,0.703395010941708,0.7107991689516207
390,3,5,3,5,2,0.769757960393397,0.6383358695945244
391,4,1,4,1,2,0.703054692658077,0.7111357810794342
392,4,1,5,1,2,0.7454130545994365,0.6666028638047824
393,7,3,5,3,2,0.7035801295960805,0.7106159308920413
394,3,3,4,3,2,0.7029351681296114,0.7112539275157607
395,1,1,2,2,2,0.7094520579063079,0.7047536999069284
396,-1,5,6,5,2,0.7655197951113987,0.6434123431304394
397,1,1,8,1,1,0.7863183388224226,0.6178215519319036
398,3,3,7,7,2,0.7031454914691535,0.7110460026092563
399,2,2,6,6,2,0.7032949675016306,0.710898156339486
400,4,4,5,4,2,0.7437095088347183,0.6685029292896344
401,7,7,8,8,2,0.7028853604521851,0.7113031492001155
402,-1,6,4,4,1,0.7028343490605733,0.7113535532916105
403,-1,5,2,5,1,0.7028600079314319,0.7113282007980757
404,8,8,6,6,2,0.7016042529953588,0.7125668194484112
405,4,4,1,4,1,0.7032743081666771,0.7109185941250106
406,8,8,2,2,1,0.7155742058807848,0.6985367247883851
407,-1,5,3,3,2,0.7025886646132301,0.7115962115954511
408,-1,6,1,1,1,0.7026173493413279,0.7115678888233831
409,7,7,4,7,2,0.7380288120022733,0.6747691995449356
410,2,2,3,3,2,0.7023130012327302,0.7118682801610667
411,8,8,3,3,2,0.756534614858513,0.653953650131935
412,7,7,1,7,2,0.761319704311593,0.6483766712543787
413,2,2,4,4,2,0.7784772818880895,0.6276727822553182
414,-1,6,7,7,2,0.70172977504731,0.7124432067274217
415,4,4,8,4,1,0.7531669788906415,0.6578293866260034
416,1,1,5,1,1,0.8953530930890938,0.4453569789458705
417,2,2,7,7,2,0.6997798348164428,0.7143585813751188
418,5,5,8,5,2,0.7553588807227677,0.6553113468522025
419,1,1,3,3,2,0.7123638613662797,0.7018103226793718
420,3,3,1,3,2,0.7028600079314319,0.7113282007980757
421,2,2,5,2,2,0.7011898782285618,0.7129745820643361
422,4,4,6,6,2,0.7223080101982803,0.691571499126013
423,7,7,3,7,2,0.7008217572776737,0.713336431514775
424,8,8,1,1,2,0.7484781772984526,0.6631594213369709
425,5,5,4,4,1,0.7555449653736075,0.6550967907863648
426,4,6,2,2,2,0.7336180748552401,0.679562006181696
427,1,1,7,1,1,0.7661098731625238,0.6427096251363454
428,3,3,8,8,2,0.7840458244617614,0.6207029443655611
429,4,4,2,2,1,0.7025003681833333,0.7116833795321351
430,7,7,5,5,2,0.9310005289263952,0.3650178285218026
431,3,3,2,3,1,0.7343122193130283,0.6788118771556483
432,4,6,8,6,2,0.7194628285914054,0.6945309483926934
433,1,1,4,1,1,0.7026736398436252,0.7115123019800229
434,3,3,5,5,1,0.7032743081666771,0.7109185941250106
435,-1,2,8,8,1,0.7201576722416738,0.6938104403303931
436,4,4,7,7,1,0.767687748455118,0.6408240951087214
437,1,1,6,1,1,0.7344469164753422,0.6786661380088606
438,8,8,5,8,1,0.7166738797294248,0.6974084528549779
439,-1,2,1,1,1,0.7012389761168877,0.7129262923855025
440,5,5,7,7,2,0.7830060188903447,0.6220141271558813
441,4,4,3,3,2,0.7174580508079541,0.6966017121216764
442,8,8,7,8,1,0.6984315939659476,0.7156768185083165
443,5,5,1,5,1,0.70172977504731,0.7124432067274217
444,4,6,3,6,1,0.7231913397140647,0.6906477294269318
445,8,8,4,8,1,0.7009315268217042,0.7132285711519096
446,4,1,4,4,1,0.75555646342816,0.6550835294616493
447,-1,7,6,7,1,0.8545630285290358,0.519347696896099
448,1,1,7,1,2,0.7020741827848284,0.7121038139674688
449,3,4,1,1,2,0.7816195310810256,0.6237554878577642
450,3,3,2,3,2,0.7000007142139285,0.7141421427839069
451,7,7,8,8,2,0.7798666941540278,0.6259456360973118
452,3,3,4,4,2,0.7033556304069442,0.7108381371134009
453,2,2,5,2,2,0.7008217572776737,0.713336431514775
454,8,8,3,8,1,0.702179386223622,0.7120000769400363
455,7,7,2,2,2,0.7034335732294192,0.7107610062838924
456,8,8,4,8,2,0.702179386223622,0.7120000769400363
457,5,5,3,3,2,0.7020381095567656,0.7121393773201723
458,4,4,7,4,2,0.7029838142009827,0.7112058471156141
459,2,2,4,4,2,0.7288480720939872,0.6846754616640486
460,8,8,5,8,2,0.7022134834058589,0.7119664484531625
461,5,5,4,5,2,0.7550331183926435,0.655686655446243
462,4,4,3,4,2,0.7030777803619778,0.7111129549946862
463,2,2,3,3,2,0.7598299443654302,0.6501218775319189
464,8,8,7,7,2,0.734803444627488,0.6782801027330658
465,7,7,3,3,2,0.7033154053030363,0.7108779365428538
466,3,3,5,5,2,0.7222614850860599,0.6916200887490757
467,5,5,2,2,2,0.7248005440041058,0.6889587588610456
468,8,4,8,4,2,0.8863183464429782,0.4630764394336908
469,5,5,7,5,2,0.7091184525340989,0.7050893704174279
470,7,7,4,4,2,0.7024701641224861,0.711713192597782
471,8,8,2,2,2,0.7023130012327302,0.7118682801610667
472,8,4,5,4,1,0.7014727307159014,0.7126962944073558
473,5,5,8,5,1,0.7031893818579951,0.7110025972119728
474,8,4,2,2,2,0.8523644437500374,0.5229482336050955
475,3,3,7,7,2,0.7032743081666771,0.7109185941250106
476,7,7,5,5,2,0.8589827632994034,0.5120045042326493
477,-1,2,8,2,2,0.7026736398436252,0.7115123019800229
478,3,3,8,8,2,0.7536614157094829,0.6572628625373398
479,-1,2,7,7,2,0.7020381095567656,0.7121393773201723
480,2,8,3,3,2,0.7563011229595534,0.6542236707809634
481,7,7,8,8,1,0.720766792488334,0.6931776329672494
482,8,8,7,7,2,0.7688268835198989,0.6394569752353005
483,7,7,2,7,1,0.7414245985519357,0.671036187297005
484,4,4,3,4,2,0.7031675589124661,0.7110241796824377
485,5,5,7,7,1,0.7023771277714427,0.7118050086811265
486,4,4,8,4,2,0.7026736398436252,0.7115123019800229
487,3,3,5,3,2,0.7029838142009827,0.7112058471156141
488,7,7,4,4,2,0.702179386223622,0.7120000769400363
489,3,3,8,8,2,0.7426534440951258,0.6696759380279748
490,2,2,5,2,1,0.8076259374791472,0.5896951289530281
491,2,2,3,2,1,0.7029351681296114,0.7112539275157607
492,8,8,5,5,2,0.7182402227891737,0.695795215827012
493,8,8,2,8,1,0.7352437312425926,0.6778028147392651
494,5,5,4,4,2,0.7035624528049199,0.7106334322300949
495,4,4,2,2,2,0.7425190849628757,0.6698249088126641
496,3,3,7,7,2,0.9351594452898588,0.354227062609795
497,3,3,2,3,2,0.7027285362744408,0.7114580833089058
498,5,5,8,5,2,0.7525766947068778,0.658504607868518
499,5,5,2,5,2,0.696785684263249,0.7172793808592269
500,8,8,3,3,2,0.7917822555634719,0.6108034542918213
501,4,4,7,7,1,0.7027820897865867,0.7114051829128025
502,2,2,8,2,2,0.7033154053030363,0.7108779365428538
503,7,7,5,7,2,0.7569454410716606,0.6534780786230163
504,2,2,4,2,2,0.9539204886194902,0.3000594964202152
505,7,7,3,3,2,0.7026736398436252,0.7115123019800229
506,8,8,4,4,1,0.7020381095567656,0.7121393773201723
507,5,5,3,3,2,0.7371541402007414,0.6757246285173463
508,4,4,5,4,2,0.7179003934510548,0.6961458360737501
509,3,3,4,3,2,0.7256238511734348,0.6880915830092916
510,2,2,7,7,1,0.7292563786835827,0.6842405528389172
511,7,8,3,3,2,0.6925318281897135,0.7213873210309515
512,7,4,3,4,2,0.7005900799982019,0.7135639703685389
513,4,4,1,1,2,0.7028600079314319,0.7113282007980757
514,5,2,5,5,2,0.7028853604521851,0.7113031492001155
515,3,7,3,3,2,0.7031231753960862,0.7110680700333301
516,8,6,8,8,2,0.7015172645143206,0.7126524591891511
517,1,3,1,1,2,0.703632117660321,0.7105644537949054
518,6,6,2,2,2,0.7585019895844747,0.6516707234458162
519,8,4,8,8,2,0.7023452803945737,0.7118364328323381
520,7,5,7,7,2,0.7025886646132301,0.7115962115954511
521,4,4,2,2,2,0.7034899373768789,0.7107052187858726
522,3,3,8,8,2,0.7020381095567656,0.7121393773201723
523,7,6,7,7,2,0.738558835513505,0.6741890287485665
524,5,5,1,1,2,0.7142849706250312,0.6998549712184648
525,3,3,2,2,2,0.8396822191821496,0.5430780522073605
526,4,4,7,7,2,0.7865733591242315,0.6174968426769668
527,6,6,3,3,2,0.7027285362744408,0.7114580833089058
528,5,5,8,5,1,0.7349486697697662,0.6781227416947843
529,-1,1,6,6,2,0.8239246370750379,0.5666993845247822
530,3,3,5,5,2,0.7014727307159014,0.7126962944073558
531,7,2,7,7,2,0.7030777803619778,0.7111129549946862
532,8,1,8,8,2,0.7148764751970598,0.699250759892206
533,6,4,6,4,1,0.7029104120765632,0.7112783931727128
534,2,5,2,2,2,0.7169949188144307,0.6970783932918077
535,4,8,4,4,2,0.8040357006363215,0.5945810223192965
536,7,7,1,1,2,0.7036825952557098,0.7105144651125613
537,8,8,5,5,2,0.7424608348231045,0.669889475028365
538,2,2,3,3,2,0.8,0.6
539,-1,1,4,4,2,0.7029596338114635,0.711229747150422
540,6,8,6,8,1,0.7331369735806135,0.6800810083872796
541,7,7,3,3,2,0.7031006064676614,0.711090386086612
542,-1,1,2,2,2,0.7291080557650486,0.684398599515305
543,7,7,4,4,2,0.7371541402007414,0.6757246285173463
544,2,2,6,6,2,0.7165336006152316,0.6975525780823778
545,3,1,3,3,2,0.7031454914691535,0.7110460026092563
546,5,5,4,4,2,0.7030777803619778,0.7111129549946862
547,-1,7,1,1,2,0.7016042529953588,0.7125668194484112
548,8,2,8,2,1,0.7028083782532835,0.7113792121344211
549,4,4,3,3,2,0.7327934916262993,0.6804510993672779
550,5,6,5,5,2,0.7025003681833333,0.7116833795321351
551,8,8,7,7,2,0.7192328280625286,0.6947691264277487
552,6,6,5,6,1,0.7412043735250632,0.6712794326264724
553,3,4,3,3,2,0.8884545241250374,0.4589646593821284
554,2,2,8,2,1,0.7033556304069442,0.7108381371134009
555,6,1,6,1,1,0.7031231753960862,0.7110680700333301
556,5,3,5,5,2,0.7529557835667596,0.6580711116538753
557,2,2,7,7,2,0.7032323103308193,0.7109601379168723
558,-1,8,1,1,2,0.7031893818579951,0.7110025972119728
559,4,4,6,6,2,0.7029351681296114,0.7112539275157607
560,5,5,7,7,2,0.6992068795869155,0.7149193937349362
561,3,6,3,3,2,0.702179386223622,0.7120000769400363
562,4,4,5,5,2,0.7128013220133663,0.7013660066869487
563,7,7,8,8,2,0.7300567844027106,0.6833864876829027
564,2,2,1,1,2,0.7841433635670482,0.6205797171788295
565,6,6,7,6,1,0.773957299203321,0.6332377902572627
566,8,8,3,8,1,0.7030313388330883,0.7111588687617946
567,2,2,4,2,1,0.729667217784359,0.6838024212379135
568,-1,5,1,1,2,0.7025301812897969,0.7116539498779761
569,4,8,1,1,2,0.7020741827848284,0.7121038139674688
570,3,3,6,6,2,0.7608339519590859,0.6489466060827497
571,3,8,3,3,2,0.7359310117618296,0.6770565308208832
572,4,8,1,1,2,0.7031675589124661,0.7110241796824377
573,1,7,1,1,2,0.6972186097474783,0.7168585705854353
574,3,8,3,3,2,0.7032323103308193,0.7109601379168723
575,4,2,4,4,2,0.7705772531546831,0.6373466065812098
576,6,5,6,6,2,0.734346728957837,0.6787745440637304
577,2,2,1,2,1,0.7023452803945737,0.7118364328323381
578,3,3,5,5,2,0.7536415938141726,0.6572855909520866
579,7,4,7,7,2,0.7184789162036366,0.6955487380269247
580,8,6,8,6,1,0.7035624528049199,0.7106334322300949
581,5,4,5,5,2,0.7031231753960862,0.7110680700333301
582,8,8,7,7,2,0.8975006034169517,0.4410132275410883
583,1,1,6,6,2,0.7233555441435721,0.6904757466825006
584,5,5,2,2,2,0.7373373852880781,0.6755246703537483
585,6,7,6,6,2,0.7026736398436252,0.7115123019800229
586,4,4,1,1,2,0.7871163129901597,0.6168045961443357
587,2,2,8,8,2,0.7016885755159995,0.7124837843700919
588,7,7,3,3,2,0.7036825952557098,0.7105144651125613
589,1,1,5,1,1,0.7569287102857168,0.6534974579485381
590,8,4,8,8,2,0.8161415430188449,0.5778520414075033
591,7,7,2,2,2,0.7024085519692114,0.7117739993288008
592,6,6,3,3,2,0.7020741827848284,0.7121038139674688
593,5,8,5,5,2,0.7024395613665727,0.711743396616461
594,1,3,1,1,2,0.7006495858571564,0.7135055415609575
595,4,5,4,4,2,0.7035445979201052,0.7106511090102072
596,6,6,1,1,2,0.7024701641224861,0.711713192597782
597,3,3,2,2,2,0.7031675589124661,0.7110241796824377
598,4,4,6,6,2,0.7033556304069442,0.7108381371134009
599,5,5,7,7,2,0.703054692658077,0.7111357810794342
600,3,3,1,1,2,0.7027554777966536,0.7114314713496986
601,8,2,8,8,2,0.8,0.6
602,4,7,4,4,2,0.7030077142592762,0.7111822225646166
603,5,5,6,6,2,0.7306568260253945,0.6827449030073358
604,8,1,8,1,1,0.7018103226793718,0.7123638613662797
605,2,4,2,4,1,0.7948915478824798,0.6067515365493485
606,3,7,3,3,2,0.7238161097085307,0.6899929270118703
607,6,4,6,6,2,0.7027554777966536,0.7114314713496986
608,2,5,2,2,2,0.7028083782532835,0.7113792121344211
609,8,3,8,8,2,0.702701259061168,0.7114850247994325
610,7,7,1,1,2,0.7092925669689244,0.7049142177901039
611,6,6,2,2,2,0.7034335732294192,0.7107610062838924
612,1,8,1,1,2,0.7031006064676614,0.711090386086612
613,7,7,5,5,2,0.7373048859340627,0.6755601417918013
614,3,3,6,6,2,0.7031006064676614,0.711090386086612
615,1,4,1,1,2,0.8172581338804689,0.5762717610695614
616,6,8,6,6,2,0.7027285362744408,0.7114580833089058
617,2,2,7,2,1,0.7378054120312966,0.6750134620711862
618,3,3,4,4,2,0.7604072544842507,0.6494465392376219
619,8,8,5,5,2,0.785165755458099,0.6192856662768104
620,1,1,2,2,2,0.8741572761215377,0.485642931178632
621,5,5,3,3,2,0.7032743081666771,0.7109185941250106
622,2,6,2,6,1,0.7010375280810152,0.7131243820134464
623,7,8,7,7,2,0.7031006064676614,0.711090386086612
624,5,1,5,5,2,0.7029838142009827,0.7112058471156141
625,4,3,4,4,2,0.7018496983061259,0.7123250669375606
626,1,1,4,1,1,0.7017703527782003,0.7124032369112033
627,8,8,2,2,2,0.7027820897865867,0.7114051829128025
628,8,2,1,1,2,0.7023452803945737,0.7118364328323381
629,8,4,1,4,1,0.7094677189244619,0.7047379341316321
630,-1,4,1,1,2,0.7027820897865867,0.7114051829128025
631,-1,7,8,8,2,0.7289824926505478,0.6845323406596607
632,-1,6,1,1,2,0.7336358163488421,0.6795428529314159
633,-1,4,3,3,2,0.8,0.6
634,-1,5,7,7,2,0.8830604796166538,0.4692591920668209
635,-1,2,1,1,2,0.8,0.6
636,-1,8,3,8,1,0.702179386223622,0.7120000769400363
637,-1,5,6,6,2,0.7039571317525781,0.7102424632860833
638,-1,8,2,2,2,0.7403509787393674,0.672220520573168
639,-1,3,6,6,2,0.7852272100011431,0.6192077427437586
640,-1,4,5,5,2,0.8,0.6
641,-1,8,1,8,1,0.7222614850860599,0.6916200887490757
642,-1,6,7,6,1,0.7025596109834729,0.7116248962864855
643,-1,2,3,3,2,0.7354187526395252,0.6776129118206978
644,-1,5,1,5,1,0.7031675589124661,0.7110241796824377
645,-1,4,8,4,1,0.7667156790287005,0.6419868125838402
646,-1,2,7,7,2,0.8190365520496736,0.5737413410297206
647,-1,4,6,4,1,0.8168511562956436,0.5768484969716658
648,-1,3,1,3,1,0.7284545355602372,0.6850941465387945
649,-1,8,5,8,1,0.8352171846545074,0.549920225539849
650,-1,2,6,6,2,0.7994811188440848,0.6006912190233934
651,-1,3,5,3,1,0.7114051829128025,0.7027820897865867
652,-1,7,1,7,1,0.7876027557336591,0.6161833324269215
653,-1,8,6,8,1,0.7026736398436252,0.7115123019800229
654,-1,2,4,2,1,0.7027820897865867,0.7114051829128025
655,-1,7,3,7,1,0.8652236940769823,0.5013860381061488
656,-1,1,8,1,1,0.7503589948350772,0.6610305430689966
657,-1,2,6,2,1,0.736021557075696,0.6769580987918439
658,-1,7,5,7,1,0.7030077142592762,0.7111822225646166
659,-1,3,4,3,1,0.7023771277714427,0.7118050086811265
660,-1,1,2,1,1,0.7031893818579951,0.7110025972119728
661,-1,6,7,6,1,0.7031454914691535,0.7110460026092563
662,-1,1,6,1,1,0.7015172645143206,0.7126524591891511
663,-1,2,5,2,1,0.7028343490605733,0.7113535532916105
664,-1,3,7,3,1,0.6988373666306947,0.7152805987867111
665,-1,6,8,8,2,0.7025596109834729,0.7116248962864855
666,-1,1,4,4,2,0.7009849862549792,0.7131760294941962
667,-1,3,2,2,2,0.8202187498558209,0.5720499998994443
668,-1,5,8,8,2,0.7412591649036951,0.6712189288498026
669,-1,4,6,4,1,0.7035083429943925,0.7106869995555597
670,-1,7,1,7,1,0.702280281445106,0.7119005592731212
671,-1,3,5,5,2,0.7024085519692114,0.7117739993288008
672,-1,8,2,2,2,0.8574929257125442,0.5144957554275266
673,-1,7,4,4,2,0.7028343490605733,0.7113535532916105
674,-1,3,1,1,2,0.7030313388330883,0.7111588687617946
675,-1,5,6,6,2,0.7033154053030363,0.7108779365428538
676,-1,7,8,8,2,0.7012872659320248,0.7128787909887525
677,-1,2,4,4,2,0.700765396045594,0.713391799577947
678,-1,5,1,1,2,0.7025301812897969,0.7116539498779761
679,-1,3,6,6,2,0.8240419241993676,0.5665288228870652
680,-1,7,2,2,2,0.7025003681833333,0.7116833795321351
681,-1,4,8,8,2,0.7024085519692114,0.7117739993288008
682,-1,4,2,2,2,0.8129128626387246,0.582385334427743
683,-1,7,8,8,2,0.7017703527782003,0.7124032369112033
684,-1,2,8,2,1,0.73941156831311,0.6732536911482527
685,-1,2,4,2,1,0.7026173493413279,0.7115678888233831
686,1,4,7,7,2,0.702701259061168,0.7114850247994325
687,4,1,2,2,2,0.7033754245742967,0.710818550760268
688,1,3,8,8,2,0.7261556465628767,0.6875303462137875
689,4,5,6,6,2,0.7135055415609575,0.7006495858571564
690,1,4,3,3,2,0.7305787218514564,0.6828284785931913
691,1,7,8,8,2,0.7213873210309515,0.6925318281897135
692,4,2,6,6,2,0.7023452803945737,0.7118364328323381
693,4,5,1,1,2,0.7005294672638185,0.7136234759977216
694,1,4,8,4,1,0.73816790964326,0.6746170300050985
695,1,7,3,7,1,0.7753035739477679,0.6315887651184257
696,4,5,2,2,2,0.7035083429943925,0.7106869995555597
697,4,1,6,6,2,0.7954317200324987,0.6060432152628561
698,1,4,2,4,1,0.7020015154756069,0.7121754504824996
699,1,5,8,5,1,0.7012872659320248,0.7128787909887525
700,4,1,3,3,2,0.7364621222599286,0.6764787819853643
701,4,6,7,7,2,0.7031454914691535,0.7110460026092563
702,1,4,5,5,2,0.7017703527782003,0.7124032369112033
703,4,3,6,6,2,0.7018496983061259,0.7123250669375606
704,4,1,7,1,1,0.8420323756982734,0.5394269906817064
705,-1,5,3,3,2,0.7014274816167628,0.7127408280944525
706,-1,7,2,2,2,0.7091653030953518,0.705042249007588
707,2,8,1,8,1,0.7030077142592762,0.7111822225646166
708,2,6,4,4,2,0.7030077142592762,0.7111822225646166
709,-1,3,2,2,2,0.7025596109834729,0.7116248962864855
710,-1,5,7,7,2,0.7766416414176205,0.6299426647054033
711,2,1,4,4,2,0.7038853879481767,0.7103135650070642
712,2,6,8,8,2,0.7995656372804539,0.6005787139753636
713,-1,5,2,2,2,0.7028853604521851,0.7113031492001155
714,-1,1,4,1,1,0.7534678834549204,0.6574847135880516
715,-1,7,3,7,1,0.6995447848162134,0.7145887586832287
716,-1,6,5,5,2,0.7109185941250106,0.7032743081666771
717,-1,8,2,8,1,0.701888492813689,0.7122868408553733
718,-1,4,3,3,2,0.7025886646132301,0.7115962115954511
719,-1,7,1,1,2,0.7026173493413279,0.7115678888233831
720,-1,2,6,6,2,0.785790300238889,0.6184930105106095
721,-1,5,8,8,2,0.7212729187517748,0.6926509775314662
722,-1,3,1,3,1,0.7030077142592762,0.7111822225646166
723,-1,7,4,4,2,0.8289644412686111,0.559301309771593
724,-1,6,8,6,1,0.7028343490605733,0.7113535532916105
725,-1,2,3,3,2,0.7016042529953588,0.7125668194484112
726,-1,5,4,4,2,0.7019267189718641,0.7122491707214503
727,-1,6,7,7,2,0.7024085519692114,0.7117739993288008
728,-1,8,1,1,2,0.701888492813689,0.7122868408553733
729,-1,3,5,5,2,0.7028600079314319,0.7113282007980757
730,-1,1,6,6,2,0.703395010941708,0.7107991689516207
731,-1,4,2,2,2,0.7016885755159995,0.7124837843700919
732,-1,7,5,7,1,0.7200778916462509,0.6938932410409328
733,-1,8,3,8,1,0.7010375280810152,0.7131243820134464
734,-1,1,2,2,2,0.7019643891790419,0.7122120444955242
735,-1,6,4,4,2,0.6993795241800348,0.7147505027334421
736,-1,8,7,7,2,0.7171351333107924,0.6969341436400659
737,-1,1,5,5,2,0.701888492813689,0.7122868408553733
738,-1,3,6,6,2,0.894427190999916,0.447213595499958
739,-1,4,8,4,1,0.7724968492897575,0.6350185964500549
740,-1,2,7,7,2,0.7028343490605733,0.7113535532916105
741,-1,2,1,1,2,0.7030313388330883,0.7111588687617946
742,-1,7,3,7,1,0.7020381095567656,0.7121393773201723
743,-1,2,3,3,2,0.7019267189718641,0.7122491707214503
744,-1,1,3,3,2,0.7581463553628602,0.6520844300012166
745,4,1,3,3,2,0.7017703527782003,0.7124032369112033
746,4,4,2,2,2,0.7031454914691535,0.7110460026092563
747,4,7,5,5,2,0.7036825952557098,0.7105144651125613
748,4,9,0,0,2,0.7026736398436252,0.7115123019800229
749,-1,6,8,8,2,0.8150363972194543,0.5794097610564841
750,4,3,7,7,2,0.7016467397821332,0.7125249838097633
751,4,1,9,9,2,0.7037635425467845,0.710434287025901
752,4,5,3,3,2,0.7020015154756069,0.7121754504824996
753,4,6,4,4,2,0.7501762979938007,0.6612378709120614
754,-1,0,2,2,2,0.7364428177115255,0.6764997976652386
755,4,5,1,1,2,0.8185939983769541,0.5743725844965368
756,4,9,8,8,2,0.7324864928454988,0.6807815639387578
757,4,6,7,7,2,0.7029596338114635,0.711229747150422
758,-1,4,3,3,2,0.7027554777966536,0.7114314713496986
759,4,2,9,9,2,0.7024085519692114,0.7117739993288008
760,4,5,0,0,2,0.703395010941708,0.7107991689516207
761,4,1,8,8,2,0.7025596109834729,0.7116248962864855
762,-1,4,7,7,2,0.7024701641224861,0.711713192597782
763,4,2,3,3,2,0.782280144548,0.6229267817697037
764,4,6,9,9,2,0.713524899992937,0.7006298716798116
765,4,0,8,8,2,0.7027820897865867,0.7114051829128025
766,4,1,7,7,2,0.7455108098881442,0.6664935351073732
767,-1,5,4,4,2,0.7287373094925769,0.6847933511312154
768,4,0,6,6,2,0.777713855236472,0.6286184529372519
769,4,3,8,8,2,0.7031006064676614,0.711090386086612
770,4,9,4,4,2,0.7396053187813132,0.673040840090995
771,4,7,2,2,2,0.7374762903141097,0.6753730237613426
772,4,5,8,8,2,0.7024701641224861,0.711713192597782
773,-1,1,0,0,2,0.7029596338114635,0.711229747150422
774,4,6,3,3,2,0.718549005391423,0.6954763309063773
775,4,7,9,9,2,0.7428880842796881,0.6694156363838948
776,4,5,2,2,2,0.7010375280810152,0.7131243820134464
777,4,4,1,1,2,0.7025886646132301,0.7115962115954511
778,4,6,2,2,2,0.731273328456239,0.6820845395466266
779,4,0,3,0,1,0.7253453893362642,0.6883851147204036
780,4,7,8,8,2,0.6969341436400659,0.7171351333107924
781,4,9,4,4,2,0.7858340379082184,0.6184374381171186
782,4,5,1,1,2,0.7280862858097518,0.6854854924910961
783,-1,6,7,7,2,0.7808688094430304,0.6246950475544243
784,4,8,0,0,2,0.7035083429943925,0.7106869995555597
785,4,3,2,2,2,0.7023130012327302,0.7118682801610667
786,-1,9,5,5,2,0.7543945610702115,0.6564212414507036
787,4,7,0,7,1,0.7029838142009827,0.7112058471156141
788,4,6,4,4,2,0.7026736398436252,0.7115123019800229
789,4,9,2,9,1,0.7180113415885901,0.696031402560368
790,-1,1,8,8,2,0.7300977500653106,0.6833427217360051
791,4,6,3,3,2,0.7025003681833333,0.7116833795321351
792,4,0,5,0,1,0.7022134834058589,0.7119664484531625
793,-1,7,1,1,2,0.7339942915171168,0.6791556375531943
794,4,2,8,8,2,0.7436495898348181,0.6685695831688029
795,4,4,0,0,2,0.7171067732402406,0.6969633245537171
796,4,5,6,5,1,0.703395010941708,0.7107991689516207
797,-1,9,3,3,2,0.8664299649667975,0.4992986238791714
798,4,7,8,7,1,0.8373515671800128,0.5466647537030136
799,4,1,2,2,2,0.8707955392082225,0.4916453283567955
800,4,3,4,4,2,0.8243316009238711,0.5661072440079596
801,-1,0,9,0,1,0.8678745741294845,0.496783376915498
802,4,6,2,2,2,0.7027285362744408,0.7114580833089058
803,4,1,4,4,2,0.6999285823596569,0.7142128391425071
804,4,5,7,7,2,0.8027438479544527,0.5963240013375934
805,-1,3,8,3,1,0.8205292001481682,0.5716046113391734
806,4,1,0,1,1,0.7018496983061259,0.7123250669375606
807,4,6,9,6,1,0.7559677081916183,0.6546089093279377
808,4,2,5,5,2,0.7456068356056813,0.6663861093225777
809,4,8,4,4,2,0.7125950706325067,0.7015755592309731
810,4,9,3,9,1,0.7104659012117707,0.7037316272666354
811,4,0,7,0,1,0.7029351681296114,0.7112539275157607
812,4,1,6,1,1,0.7024395613665727,0.711743396616461
813,4,2,4,4,2,0.702701259061168,0.7114850247994325
814,4,8,5,8,1,0.7026456721493012,0.7115399211638492
815,3,6,0,0,2,0.7033754245742967,0.710818550760268
816,3,7,9,9,2,0.7312890560920151,0.682067677316591
817,-1,7,6,6,2,0.7026456721493012,0.7115399211638492
818,-1,6,0,6,1,0.70172977504731,0.7124432067274217
819,-1,1,0,0,2,0.7031675589124661,0.7110241796824377
820,5,5,3,3,2,0.7233555441435721,0.6904757466825006
821,9,9,2,2,2,0.8029702278854536,0.5960191382242542
822,8,6,8,8,2,0.8395701571521512,0.5432512781572743
823,7,4,7,7,2,0.7030077142592762,0.7111822225646166
824,1,1,9,9,2,0.7268282019952524,0.6868193101423028
825,2,2,0,0,2,0.7027820897865867,0.7114051829128025
826,6,5,6,6,2,0.71609052011829,0.6980074261759089
827,3,3,7,7,2,0.85564601457789,0.5175614917446749
828,9,8,9,8,1,0.7013347674595832,0.7128320587294125
829,6,6,2,2,2,0.8134585631685802,0.5816228726655348
830,4,4,1,1,2,0.7026456721493012,0.7115399211638492
831,-1,0,3,0,1,0.7036659331372899,0.7105309666313122
832,8,5,8,8,2,0.7022134834058589,0.7119664484531625
833,7,7,9,9,2,0.7037948599121373,0.7104032623526269
834,2,2,4,4,2,0.7030313388330883,0.7111588687617946
835,1,6,1,1,2,0.7131587154478725,0.701002600980011
836,5,5,0,0,2,0.7025301812897969,0.7116539498779761
837,3,8,3,3,2,0.7434555543140039,0.668785345802117
838,7,7,2,2,2,0.754976910693908,0.6557513738598516
839,9,9,5,5,2,0.702701259061168,0.7114850247994325
840,4,3,4,4,2,0.7033154053030363,0.7108779365428538
841,-1,0,6,6,2,0.7031454914691535,0.7110460026092563
842,7,1,7,7,2,0.7196745447749453,0.6943115652234054
843,8,4,8,8,2,0.7331992775129647,0.6800138376933713
844,6,9,6,6,2,0.7302714135188955,0.683157128775741
845,5,7,5,5,2,0.7571147703140485,0.6532818875281219
846,2,3,2,2,2,0.7016042529953588,0.7125668194484112
847,1,8,1,1,2,0.701888492813689,0.7122868408553733
848,9,0,9,0,1,0.7255319950689578,0.6881884364992321
849,4,5,4,4,2,0.7287968103777994,0.6847300264944907
850,7,7,6,6,2,0.7202500599611941,0.6937145314363079
851,3,1,3,3,2,0.7837763775630902,0.6210431466283808
852,8,2,8,2,1,0.7243754953368648,0.6894056438378438
853,-1,0,4,4,2,0.805542273661853,0.5925383070685746
854,7,3,7,7,2,0.7449504468440725,0.6671198031439456
855,6,6,1,6,1,0.7648134893732748,0.6442517570582758
856,5,9,5,5,2,0.7873761837584489,0.6164728260434368
857,3,3,0,0,2,0.7031893818579951,0.7110025972119728
858,2,8,2,8,1,0.7233555441435722,0.6904757466825007
859,1,1,5,1,1,0.7035976309449103,0.7105986023970985
860,4,6,4,6,1,0.7037948599121373,0.7104032623526269
861,9,7,9,7,1,0.7588346728323698,0.6512833018797505
862,-1,2,0,2,1,0.7207273352369301,0.69321865831949
863,5,5,4,4,2,0.7038255960088933,0.7103728108554875
864,8,3,8,3,1,0.7174580508079541,0.6966017121216764
865,6,6,0,6,1,0.7011898782285618,0.7129745820643361
866,1,4,1,1,2,0.7020741827848284,0.7121038139674688
867,2,7,2,7,1,0.7032323103308193,0.7109601379168723
868,-1,0,9,9,2,0.7983161958327257,0.602238533698372
869,6,6,8,6,1,0.7038255960088933,0.7103728108554875
870,3,5,3,5,1,0.7031893818579951,0.7110025972119728
871,4,7,4,4,2,0.7035801295960805,0.7106159308920413
872,1,1,2,1,1,0.765974253829985,0.642871248750166
873,3,3,6,6,2,0.7024085519692114,0.7117739993288008
874,4,4,0,0,2,0.7519382558319229,0.659233539359494
875,8,8,9,8,1,0.7032534236766906,0.7109392534436489
876,2,5,2,2,2,0.7749839284623993,0.63198094166279
877,6,7,6,7,1,0.9442001814457764,0.3293721563182941
878,1,1,3,1,1,0.7022471119478896,0.7119332790092399
879,-1,0,8,8,2,0.7732276700250479,0.6341285124544043
880,9,9,4,4,2,0.7171067732402406,0.6969633245537171
881,5,2,5,5,2,0.7323057872139859,0.6809759423158094
882,8,8,7,7,2,0.7033356251151295,0.7108579312660934
883,5,5,6,6,2,0.7033556304069442,0.7108381371134009
884,2,1,2,1,1,0.8360479108370626,0.5486564414868224
885,3,9,3,3,2,0.7091070712212526,0.7051008165815845
886,4,8,4,4,2,0.7035976309449103,0.7105986023970985
887,7,7,0,0,2,0.7035445979201052,0.7106511090102072
888,1,1,0,0,2,0.7383930833539608,0.6743705616758717
889,1,4,9,4,1,0.8734809891138122,0.4868582562273708
890,-1,0,4,4,2,0.8057476713810432,0.5922589721262369
891,-1,0,1,1,2,0.7029838142009827,0.7112058471156141
892,1,7,1,7,1,0.703054692658077,0.7111357810794342
893,5,2,5,5,2,0.7030777803619778,0.7111129549946862
894,3,3,8,8,2,0.7139054096239053,0.7002421481956966
895,6,6,9,6,1,0.7444378902308479,0.667691715980245
896,-1,0,4,4,2,0.7197682880873449,0.6942143843682677
897,7,5,7,7,2,0.7031231753960862,0.7110680700333301
898,1,1,0,0,2,0.8209052017854871,0.5710644881985997
899,8,8,4,4,2,0.7475576617762888,0.6641969153192206
900,6,6,2,2,2,0.7302714135188956,0.683157128775741
901,7,7,3,3,2,0.7032534236766906,0.7109392534436489
902,9,9,5,9,1,0.7451438636777852,0.6669037579916177
903,-1,8,0,8,1,0.7027820897865867,0.7114051829128025
904,8,2,1,2,1,0.744835335723058,0.6672483215852395
905,4,4,6,6,2,0.7015172645143206,0.7126524591891511
906,7,9,7,7,2,0.7633862853691146,0.6459422414661738
907,8,3,2,3,1,0.8530500281943804,0.5218291381262327
908,-1,0,5,5,2,0.7035801295960805,0.7106159308920413
909,8,1,8,8,2,0.7028600079314319,0.7113282007980757
910,6,7,6,6,2,0.7032743081666771,0.7109185941250106
911,4,4,2,2,2,0.7519817120271425,0.6591839688408143
912,9,9,0,9,1,0.7813333960300602,0.6241138712191334
913,1,3,1,1,2,0.7020015154756069,0.7121754504824996
914,5,8,5,5,2,0.7109812512455174,0.7032109643466593
915,6,6,0,0,2,0.7035265622366209,0.7106689638836932
916,4,7,4,4,2,0.7035265622366209,0.7106689638836932
917,9,9,2,9,1,0.7029104120765632,0.7112783931727128
918,5,5,6,6,2,0.7023452803945737,0.7118364328323381
919,3,9,3,3,2,0.7027554777966536,0.7114314713496986
920,4,1,4,4,2,0.7420451195298905,0.6703499388989832
921,7,8,7,7,2,0.7384299822989507,0.6743301574466112
922,3,3,6,6,2,0.7039571317525781,0.7102424632860833
923,-1,0,2,2,2,0.6992941554637311,0.7148340255851473
924,5,4,5,5,2,0.7237811006373601,0.6900296503485713
925,9,1,9,9,2,0.7031231753960862,0.7110680700333301
926,2,8,2,2,2,0.8003595683957336,0.5995202759518604
927,3,3,7,7,2,0.7086939957861055,0.7055159958050019
928,5,5,0,5,1,0.702179386223622,0.7120000769400363
929,6,4,6,4,1,0.7031893818579951,0.7110025972119728
930,1,1,9,9,2,0.7037635425467845,0.710434287025901
931,2,2,0,0,2,0.7134198543107152,0.7007368346785247
932,8,7,8,7,1,0.769134175231695,0.6390873340089447
933,3,3,5,5,2,0.7044130702941792,0.7097902693040584
934,2,2,4,4,2,0.7209404483639,0.6929970201327411
935,9,9,6,6,2,0.7035265622366209,0.7106689638836932
936,-1,0,7,7,2,0.7035976309449103,0.7105986023970985
937,1,1,8,8,2,0.8446397812286404,0.5353350726097017
938,3,2,3,2,1,0.7025301812897969,0.7116539498779761
939,9,4,9,9,2,0.7022471119478896,0.7119332790092399
940,1,1,5,5,2,0.7027820897865867,0.7114051829128025
941,8,8,6,8,1,0.7088592062600387,0.7053500022686524
942,4,3,4,4,2,0.7586262455704895,0.651526069725244
943,7,0,7,7,2,0.7023452803945737,0.7118364328323381
944,5,1,5,5,2,0.7682212795973759,0.6401843996644799
945,9,3,9,9,2,0.8632477522880354,0.5047804653209699
946,4,8,4,4,2,0.703054692658077,0.7111357810794342
947,2,2,6,6,2,0.7396384873099373,0.673004389354087
948,8,9,8,9,1,0.7028600079314319,0.7113282007980757
949,5,7,5,5,2,0.7992067002940834,0.6010562787335668
950,-1,0,1,1,2,0.762263492295369,0.6472668447508091
951,3,3,4,4,2,0.7484538111607046,0.663186921281637
952,1,6,1,6,1,0.7021448105364912,0.7120341740651742
953,7,7,2,2,2,0.8,0.6
954,2,2,9,9,2,0.7399400733959437,0.6726727939963124
955,6,6,5,6,1,0.7022471119478896,0.7119332790092399
956,4,9,4,4,2,0.7372964715614567,0.6755693251051487
957,7,7,1,1,2,0.7519382558319229,0.659233539359494
958,8,5,8,5,1,0.7038255960088933,0.7103728108554875
959,-1,8,3,8,1,0.702701259061168,0.7114850247994325
960,-1,7,6,6,2,0.7030313388330883,0.7111588687617946
961,1,8,6,6,2,0.7826010541756486,0.6225235658215387
962,1,8,3,8,1,0.7009315268217042,0.7132285711519096
